domain,number,type,category,id,path
animal,3,basic,dog,NA,animal/basic-dog/3basic-dog.jpg
animal,NA,basic,dog,1,animal/basic-dog/basic-dog-1.jpg
animal,NA,basic,dog,2,animal/basic-dog/basic-dog-2.jpg
animal,NA,basic,dog,3,animal/basic-dog/basic-dog-3.jpg
animal,1,contrast,corgi,NA,animal/basic-dog/contrast-corgi/1contrast-corgi.jpg
animal,3,contrast,corgi,NA,animal/basic-dog/contrast-corgi/3contrast-corgi.jpg
animal,NA,contrast,corgi,1,animal/basic-dog/contrast-corgi/contrast-corgi-1.jpg
animal,NA,contrast,corgi,2,animal/basic-dog/contrast-corgi/contrast-corgi-2.jpg
animal,1,sub,dalmatian,NA,animal/basic-dog/sub-dalmatian/1sub-dalmatian.jpg
animal,3,sub,dalmatian,NA,animal/basic-dog/sub-dalmatian/3sub-dalmatian.jpg
animal,NA,sub,dalmatian,1,animal/basic-dog/sub-dalmatian/sub-dalmatian-1.jpg
animal,NA,sub,dalmatian,2,animal/basic-dog/sub-dalmatian/sub-dalmatian-2.jpg
animal,NA,sup,animal,1,animal/sup-animal-1.jpg
animal,NA,sup,animal,2,animal/sup-animal-2.jpg
animal,NA,sup,animal,3,animal/sup-animal-3.jpg
animal,NA,sup,animal,4,animal/sup-animal-4.jpg
animal,NA,sup,animal,5,animal/sup-animal-5.jpg
beast,3,basic,dinosaur,NA,beast/basic-dinosaur/3basic-dinosaur.jpg
beast,NA,basic,dinosaur,1,beast/basic-dinosaur/basic-dinosaur-1.jpg
beast,NA,basic,dinosaur,2,beast/basic-dinosaur/basic-dinosaur-2.jpg
beast,NA,basic,dinosaur,3,beast/basic-dinosaur/basic-dinosaur-3.jpg
beast,1,contrast,triceratops,NA,beast/basic-dinosaur/contrast-triceratops/1contrast-triceratops.jpg
beast,3,contrast,triceratops,NA,beast/basic-dinosaur/contrast-triceratops/3contrast-triceratops.jpg
beast,NA,contrast,triceratops,1,beast/basic-dinosaur/contrast-triceratops/contrast-triceratops-1.jpg
beast,NA,contrast,triceratops,2,beast/basic-dinosaur/contrast-triceratops/contrast-triceratops-2.jpg
beast,1,sub,trex,NA,beast/basic-dinosaur/sub-trex/1sub-trex.jpg
beast,3,sub,trex,NA,beast/basic-dinosaur/sub-trex/3sub-trex.jpg
beast,NA,sub,trex,1,beast/basic-dinosaur/sub-trex/sub-trex-1.jpg
beast,NA,sub,trex,2,beast/basic-dinosaur/sub-trex/sub-trex-2.jpg
beast,NA,sup,beast,1,beast/sup-beast-1.jpg
beast,NA,sup,beast,2,beast/sup-beast-2.jpg
beast,NA,sup,beast,3,beast/sup-beast-3.jpg
beast,NA,sup,beast,4,beast/sup-beast-4.jpg
beast,NA,sup,beast,5,beast/sup-beast-5.jpg
electronics,3,basic,phone,NA,electronics/basic-phone/3basic-phone.jpg
electronics,NA,basic,phone,1,electronics/basic-phone/basic-phone-1.jpg
electronics,NA,basic,phone,2,electronics/basic-phone/basic-phone-2.jpg
electronics,NA,basic,phone,3,electronics/basic-phone/basic-phone-3.jpg
electronics,1,contrast,flip_phone,NA,electronics/basic-phone/contrast-flip_phone/1contrast-flip_phone.jpg
electronics,3,contrast,flip_phone,NA,electronics/basic-phone/contrast-flip_phone/3contrast-flip_phone.jpg
electronics,NA,contrast,flip_phone,1,electronics/basic-phone/contrast-flip_phone/contrast-flip_phone-1.jpg
electronics,NA,contrast,flip_phone,2,electronics/basic-phone/contrast-flip_phone/contrast-flip_phone-2.jpg
electronics,1,sub,smart_phone,NA,electronics/basic-phone/sub-smart_phone/1sub-smart_phone.jpg
electronics,3,sub,smart_phone,NA,electronics/basic-phone/sub-smart_phone/3sub-smart_phone.jpg
electronics,NA,sub,smart_phone,1,electronics/basic-phone/sub-smart_phone/sub-smart_phone-1.jpg
electronics,NA,sub,smart_phone,2,electronics/basic-phone/sub-smart_phone/sub-smart_phone-2.jpg
electronics,NA,sup,electronics,1,electronics/sup-electronics-1.jpg
electronics,NA,sup,electronics,2,electronics/sup-electronics-2.jpg
electronics,NA,sup,electronics,3,electronics/sup-electronics-3.jpg
electronics,NA,sup,electronics,4,electronics/sup-electronics-4.jpg
electronics,NA,sup,electronics,5,electronics/sup-electronics-5.jpg
fruit,3,basic,apple,NA,fruit/basic-apple/3basic-apple.jpg
fruit,NA,basic,apple,1,fruit/basic-apple/basic-apple-1.jpg
fruit,NA,basic,apple,2,fruit/basic-apple/basic-apple-2.jpg
fruit,NA,basic,apple,3,fruit/basic-apple/basic-apple-3.jpg
fruit,1,contrast,green_apple,NA,fruit/basic-apple/contrast-green_apple/1contrast-green_apple.jpg
fruit,3,contrast,green_apple,NA,fruit/basic-apple/contrast-green_apple/3contrast-green_apple.jpg
fruit,NA,contrast,green_apple,1,fruit/basic-apple/contrast-green_apple/contrast-green_apple-1.jpg
fruit,NA,contrast,green_apple,2,fruit/basic-apple/contrast-green_apple/contrast-green_apple-2.jpg
fruit,1,sub,red_apple,NA,fruit/basic-apple/sub-red_apple/1sub-red_apple.jpg
fruit,3,sub,red_apple,NA,fruit/basic-apple/sub-red_apple/3sub-red_apple.jpg
fruit,NA,sub,red_apple,1,fruit/basic-apple/sub-red_apple/sub-red_apple-1.jpg
fruit,NA,sub,red_apple,2,fruit/basic-apple/sub-red_apple/sub-red_apple-2.jpg
fruit,NA,sup,fruit,1,fruit/sup-fruit-1.jpg
fruit,NA,sup,fruit,2,fruit/sup-fruit-2.jpg
fruit,NA,sup,fruit,3,fruit/sup-fruit-3.jpg
fruit,NA,sup,fruit,4,fruit/sup-fruit-4.jpg
fruit,NA,sup,fruit,5,fruit/sup-fruit-5.jpg
furniture,3,basic,chair,NA,furniture/basic-chair/3basic-chair.jpg
furniture,NA,basic,chair,1,furniture/basic-chair/basic-chair-1.jpg
furniture,NA,basic,chair,2,furniture/basic-chair/basic-chair-2.jpg
furniture,NA,basic,chair,3,furniture/basic-chair/basic-chair-3.jpg
furniture,1,contrast,office_chair,NA,furniture/basic-chair/contrast-office_chair/1contrast-office_chair.jpg
furniture,3,contrast,office_chair,NA,furniture/basic-chair/contrast-office_chair/3contrast-office_chair.jpg
furniture,NA,contrast,office_chair,1,furniture/basic-chair/contrast-office_chair/contrast-office_chair-1.jpg
furniture,NA,contrast,office_chair,2,furniture/basic-chair/contrast-office_chair/contrast-office_chair-2.jpg
furniture,1,sub,wooden_chair,NA,furniture/basic-chair/sub-wooden-chair/1sub-wooden_chair.jpg
furniture,3,sub,wooden_chair,NA,furniture/basic-chair/sub-wooden-chair/3sub-wooden_chair.jpg
furniture,NA,sub,wooden_chair,1,furniture/basic-chair/sub-wooden-chair/sub-wooden_chair-1.jpg
furniture,NA,sub,wooden_chair,2,furniture/basic-chair/sub-wooden-chair/sub-wooden_chair-2.jpg
furniture,NA,sup,furniture,1,furniture/sup-furniture-1.jpg
furniture,NA,sup,furniture,2,furniture/sup-furniture-2.jpg
furniture,NA,sup,furniture,3,furniture/sup-furniture-3.jpg
furniture,NA,sup,furniture,4,furniture/sup-furniture-4.jpg
furniture,NA,sup,furniture,5,furniture/sup-furniture-5.jpg
light,3,basic,lamp,NA,light/lamp/3basic-lamp.jpg
light,NA,basic,lamp,1,light/lamp/basic-lamp-1.jpg
light,NA,basic,lamp,2,light/lamp/basic-lamp-2.jpg
light,NA,basic,lamp,3,light/lamp/basic-lamp-3.jpg
light,1,contrast,desk_lamp,NA,light/lamp/contrast-desk_lamp/1contrast-desk_lamp.jpg
light,3,contrast,desk_lamp,NA,light/lamp/contrast-desk_lamp/3contrast-desk_lamp.jpg
light,NA,contrast,desk_lamp,1,light/lamp/contrast-desk_lamp/contrast-desk_lamp-1.jpg
light,NA,contrast,desk_lamp,2,light/lamp/contrast-desk_lamp/contrast-desk_lamp-2.jpg
light,1,sub,gooseneck_lamp,NA,light/lamp/sub-gooseneck_lamp/1sub-gooseneck_lamp.jpg
light,3,sub,gooseneck_lamp,NA,light/lamp/sub-gooseneck_lamp/3sub-gooseneck_lamp.jpg
light,NA,sub,gooseneck_lamp,1,light/lamp/sub-gooseneck_lamp/sub-gooseneck_lamp-1.jpg
light,NA,sub,gooseneck_lamp,2,light/lamp/sub-gooseneck_lamp/sub-gooseneck_lamp-2.jpg
light,NA,sup,light,1,light/sup-light-1.jpg
light,NA,sup,light,2,light/sup-light-2.jpg
light,NA,sup,light,3,light/sup-light-3.jpg
light,NA,sup,light,4,light/sup-light-4.jpg
light,NA,sup,light,5,light/sup-light-5.jpg
planet,NA,sup,planet,1,planet/sup-planet-1.jpg
planet,NA,sup,planet,2,planet/sup-planet-2.jpg
planet,NA,sup,planet,3,planet/sup-planet-3.jpg
planet,NA,sup,planet,4,planet/sup-planet-4.jpg
planet,NA,sup,planet,5,planet/sup-planet-5.jpg
vegetable,3,basic,pepper,NA,vegetable/basic-pepper/3basic-pepper.jpg
vegetable,NA,basic,pepper,1,vegetable/basic-pepper/basic-pepper-1.jpg
vegetable,NA,basic,pepper,2,vegetable/basic-pepper/basic-pepper-2.jpg
vegetable,NA,basic,pepper,3,vegetable/basic-pepper/basic-pepper-3.jpg
vegetable,1,contrast,red_pepper,NA,vegetable/basic-pepper/contrast-red_pepper/1contrast-red_pepper.jpg
vegetable,3,contrast,red_pepper,NA,vegetable/basic-pepper/contrast-red_pepper/3contrast-red_pepper.jpg
vegetable,NA,contrast,red_pepper,1,vegetable/basic-pepper/contrast-red_pepper/contrast-red_pepper-1.jpg
vegetable,NA,contrast,red_pepper,2,vegetable/basic-pepper/contrast-red_pepper/contrast-red_pepper-2.jpg
vegetable,1,sub,green_pepper,NA,vegetable/basic-pepper/sub-green_pepper/1sub-green_pepper.jpg
vegetable,3,sub,green_pepper,NA,vegetable/basic-pepper/sub-green_pepper/3sub-green_pepper.jpg
vegetable,NA,sub,green_pepper,1,vegetable/basic-pepper/sub-green_pepper/sub-green_pepper-1.jpg
vegetable,NA,sub,green_pepper,2,vegetable/basic-pepper/sub-green_pepper/sub-green_pepper-2.jpg
vegetable,NA,sup,vegetable,1,vegetable/sup-vegetable-1.jpg
vegetable,NA,sup,vegetable,2,vegetable/sup-vegetable-2.jpg
vegetable,NA,sup,vegetable,3,vegetable/sup-vegetable-3.jpg
vegetable,NA,sup,vegetable,4,vegetable/sup-vegetable-4.jpg
vegetable,NA,sup,vegetable,5,vegetable/sup-vegetable-5.jpg
vehicle,3,basic,car,NA,vehicle/basic-car/3basic-car.jpg
vehicle,NA,basic,car,1,vehicle/basic-car/basic-car-1.jpg
vehicle,NA,basic,car,2,vehicle/basic-car/basic-car-2.jpg
vehicle,NA,basic,car,3,vehicle/basic-car/basic-car-3.jpg
vehicle,1,contrast,van,NA,vehicle/basic-car/contrast-van/1contrast-van.jpg
vehicle,3,contrast,van,NA,vehicle/basic-car/contrast-van/3contrast-van.jpg
vehicle,NA,contrast,van,1,vehicle/basic-car/contrast-van/contrast-van-1.jpg
vehicle,NA,contrast,van,2,vehicle/basic-car/contrast-van/contrast-van-2.jpg
vehicle,1,sub,racecar,NA,vehicle/basic-car/sub-racecar/1sub-racecar.jpg
vehicle,3,sub,racecar,NA,vehicle/basic-car/sub-racecar/3sub-racecar.jpg
vehicle,NA,sub,racecar,1,vehicle/basic-car/sub-racecar/sub-racecar-1.jpg
vehicle,NA,sub,racecar,2,vehicle/basic-car/sub-racecar/sub-racecar-2.jpg
vehicle,NA,sup,vehicle,1,vehicle/sup-vehicle-1.jpg
vehicle,NA,sup,vehicle,2,vehicle/sup-vehicle-2.jpg
vehicle,NA,sup,vehicle,3,vehicle/sup-vehicle-3.jpg
vehicle,NA,sup,vehicle,4,vehicle/sup-vehicle-4.jpg
vehicle,NA,sup,vehicle,5,vehicle/sup-vehicle-5.jpg
